section_index,domain_id,elevation_file,array_rows,array_columns,array_dtype,cell_size_m,cross_shore_cells,alongshore_cells,nodata_replaced
0,1,segment_001_1_elevation.npy,600,50,float64,10.0,600,50,0
1,2,segment_002_2_elevation.npy,600,50,float64,10.0,600,50,0
2,3,segment_003_3_elevation.npy,600,50,float64,10.0,600,50,0
3,4,segment_004_4_elevation.npy,600,50,float64,10.0,600,50,0
4,5,segment_005_5_elevation.npy,600,50,float64,10.0,600,50,0
5,6,segment_006_6_elevation.npy,600,50,float64,10.0,600,50,0
6,7,segment_007_7_elevation.npy,600,50,float64,10.0,600,50,0
7,8,segment_008_8_elevation.npy,600,50,float64,10.0,600,50,0
8,9,segment_009_9_elevation.npy,600,50,float64,10.0,600,50,0
9,10,segment_010_10_elevation.npy,600,50,float64,10.0,600,50,0
10,11,segment_011_11_elevation.npy,600,50,float64,10.0,600,50,0
11,12,segment_012_12_elevation.npy,600,50,float64,10.0,600,50,0
12,13,segment_013_13_elevation.npy,600,50,float64,10.0,600,50,0
13,14,segment_014_14_elevation.npy,600,50,float64,10.0,600,50,0
14,15,segment_015_15_elevation.npy,600,50,float64,10.0,600,50,0
15,16,segment_016_16_elevation.npy,600,50,float64,10.0,600,50,0
16,17,segment_017_17_elevation.npy,600,50,float64,10.0,600,50,0
17,18,segment_018_18_elevation.npy,600,50,float64,10.0,600,50,0
18,19,segment_019_19_elevation.npy,600,50,float64,10.0,600,50,0
19,20,segment_020_20_elevation.npy,600,50,float64,10.0,600,50,0
20,21,segment_021_21_elevation.npy,600,50,float64,10.0,600,50,0
21,22,segment_022_22_elevation.npy,600,50,float64,10.0,600,50,0
22,23,segment_023_23_elevation.npy,600,50,float64,10.0,600,50,0
23,24,segment_024_24_elevation.npy,600,50,float64,10.0,600,50,0
24,25,segment_025_25_elevation.npy,600,50,float64,10.0,600,50,0
25,26,segment_026_26_elevation.npy,600,50,float64,10.0,600,50,0
26,27,segment_027_27_elevation.npy,600,50,float64,10.0,600,50,0
27,28,segment_028_28_elevation.npy,600,50,float64,10.0,600,50,0
28,29,segment_029_29_elevation.npy,600,50,float64,10.0,600,50,0
29,30,segment_030_30_elevation.npy,600,50,float64,10.0,600,50,0
30,31,segment_031_31_elevation.npy,600,50,float64,10.0,600,50,0
31,32,segment_032_32_elevation.npy,600,50,float64,10.0,600,50,0
32,33,segment_033_33_elevation.npy,600,50,float64,10.0,600,50,0
33,34,segment_034_34_elevation.npy,600,50,float64,10.0,600,50,0
34,35,segment_035_35_elevation.npy,600,50,float64,10.0,600,50,0
35,36,segment_036_36_elevation.npy,600,50,float64,10.0,600,50,0
36,37,segment_037_37_elevation.npy,600,50,float64,10.0,600,50,0
37,38,segment_038_38_elevation.npy,600,50,float64,10.0,600,50,0
38,39,segment_039_39_elevation.npy,600,50,float64,10.0,600,50,0
39,40,segment_040_40_elevation.npy,600,50,float64,10.0,600,50,0
40,41,segment_041_41_elevation.npy,600,50,float64,10.0,600,50,0
41,42,segment_042_42_elevation.npy,600,50,float64,10.0,600,50,0
42,43,segment_043_43_elevation.npy,600,50,float64,10.0,600,50,0
43,44,segment_044_44_elevation.npy,600,50,float64,10.0,600,50,0
44,45,segment_045_45_elevation.npy,600,50,float64,10.0,600,50,0
45,46,segment_046_46_elevation.npy,600,50,float64,10.0,600,50,0
46,47,segment_047_47_elevation.npy,600,50,float64,10.0,600,50,0
47,48,segment_048_48_elevation.npy,600,50,float64,10.0,600,50,0
48,49,segment_049_49_elevation.npy,600,50,float64,10.0,600,50,0
49,50,segment_050_50_elevation.npy,600,50,float64,10.0,600,50,0
50,51,segment_051_51_elevation.npy,600,50,float64,10.0,600,50,0
51,52,segment_052_52_elevation.npy,600,50,float64,10.0,600,50,0
52,53,segment_053_53_elevation.npy,600,50,float64,10.0,600,50,0
