calendar_year,StartTime,EndTime,Rhigh,Rlow,period,duration,time
1998,1998-01-02 22:00:00+01:00,1998-01-05 04:00:00+01:00,0.19431040468664834,0.12026965064220003,8.4,13,1
1998,1998-10-25 09:00:00+01:00,1998-10-26 01:00:00+01:00,0.21613112007711793,0.12194500002035973,9.1,13,1
1998,1998-10-28 00:00:00+01:00,1998-10-30 03:00:00+01:00,0.18521348222381975,0.1190218621163139,9.1,19,1
1999,1999-02-04 21:00:00+01:00,1999-02-06 01:00:00+01:00,0.2484216460772449,0.12078738495115875,11.1,21,2
1999,1999-02-16 18:00:00+01:00,1999-02-17 22:00:00+01:00,0.17739230890603347,0.1281861435629122,7.8,12,2
1999,1999-02-21 23:00:00+01:00,1999-02-23 02:00:00+01:00,0.17402578524553053,0.11956875571264977,9.6,9,2
1999,1999-12-01 00:00:00+01:00,1999-12-02 04:00:00+01:00,0.1645072377114117,0.11857301287080664,7.2,10,2
1999,1999-12-03 15:00:00+01:00,1999-12-04 07:00:00+01:00,0.2009911238562252,0.12852275130746435,8.4,13,2
1999,1999-12-25 09:00:00+01:00,1999-12-26 16:00:00+01:00,106.90783527672352,0.1239605367540189,7.3,9,2
2000,2000-01-29 14:00:00+01:00,2000-01-30 07:00:00+01:00,0.25021504454049226,0.12189970260454559,9.2,11,3
2000,2000-02-08 21:00:00+01:00,2000-02-09 11:00:00+01:00,0.18055324820178612,0.13389777301856326,9.4,8,3
2000,2000-12-13 07:00:00+01:00,2000-12-16 00:00:00+01:00,0.19407863056517943,0.11883747889479697,8.8,23,3
2001,2001-09-08 11:00:00+02:00,2001-09-10 13:00:00+02:00,0.14607941498174398,0.11968212709699425,9.5,13,4
2002,2002-01-28 18:00:00+01:00,2002-01-29 09:00:00+01:00,0.1761041421501756,0.12258124497928753,7.2,8,5
2002,2002-02-22 14:00:00+01:00,2002-02-23 17:00:00+01:00,0.19574396817837392,0.12070255097137976,9.1,10,5
2002,2002-02-26 16:00:00+01:00,2002-02-27 21:00:00+01:00,0.15878529063369293,0.11886022358456434,9.1,9,5
2003,2003-10-07 05:00:00+02:00,2003-10-09 09:00:00+02:00,0.18079071466457938,0.1181773708801264,10.1,15,6
2003,2003-12-13 23:00:00+01:00,2003-12-16 00:00:00+01:00,0.20894386458210606,0.12170732223415119,10.4,18,6
2003,2003-12-21 04:00:00+01:00,2003-12-22 08:00:00+01:00,0.24436905037932272,0.1232994237647564,10.9,17,6
2004,2004-02-07 20:00:00+01:00,2004-02-09 01:00:00+01:00,0.20667833198362864,0.12419333529050473,9.9,10,7
2004,2004-09-21 00:00:00+02:00,2004-09-22 02:00:00+02:00,0.16053096334496114,0.12126577224528731,7.94198,10,7
2005,2005-01-02 09:00:00+01:00,2005-01-03 01:00:00+01:00,0.1699858452521624,0.11970413984504331,8.7,9,8
2005,2005-01-08 15:00:00+01:00,2005-01-09 07:00:00+01:00,0.17664590368984262,0.12359184316112426,9.2,10,8
2005,2005-01-12 20:00:00+01:00,2005-01-13 11:00:00+01:00,0.1697540272296428,0.118663547541242,7.0,8,8
2005,2005-01-20 14:00:00+01:00,2005-01-21 06:00:00+01:00,0.16239594574587185,0.11833647344892384,7.8,10,8
2005,2005-02-12 21:00:00+01:00,2005-02-14 00:00:00+01:00,0.17740644808643086,0.12241990943500794,7.8,11,8
2005,2005-12-15 18:00:00+01:00,2005-12-17 21:00:00+01:00,0.19044785029335073,0.11949218717439036,8.8,19,8
2006,2006-02-08 14:00:00+01:00,2006-02-09 18:00:00+01:00,0.15126155202323766,0.11978472809060085,9.28605,8,9
2006,2006-11-01 00:00:00+01:00,2006-11-01 09:00:00+01:00,0.30675818402431865,0.12332765454427275,11.8,10,9
2006,2006-11-11 21:00:00+01:00,2006-11-12 14:00:00+01:00,0.1759092572862644,0.12190296745038247,8.5,11,9
2007,2007-01-11 00:00:00+01:00,2007-01-12 05:00:00+01:00,0.24826888193592617,0.11815512113580798,9.316666666666668,9,10
2007,2007-01-20 19:00:00+01:00,2007-01-21 22:00:00+01:00,0.16949991014181331,0.12071903505403592,8.299999999999999,11,10
2007,2007-02-06 15:00:00+01:00,2007-02-08 16:00:00+01:00,56.989361195435244,19.22182002515329,7.79255,8,10
2007,2007-03-18 07:00:00+01:00,2007-03-20 22:00:00+01:00,0.26033335026965454,0.11910576026408974,9.216666666666667,17,10
2007,2007-11-09 03:00:00+01:00,2007-11-09 21:00:00+01:00,0.3248240941658657,0.12399711516926545,11.549999999999999,17,10
2007,2007-11-25 06:00:00+01:00,2007-11-26 09:00:00+01:00,0.19659543132184557,0.12042879277895166,9.450000000000001,13,10
2007,2007-12-07 16:00:00+01:00,2007-12-08 07:00:00+01:00,0.17011322089668238,0.1356762422573224,8.616666666666665,8,10
2008,2008-01-24 20:00:00+01:00,2008-01-27 00:00:00+01:00,0.16534303642991724,0.12381879587846818,7.866666666666667,9,11
2008,2008-02-01 01:00:00+01:00,2008-02-02 04:00:00+01:00,0.1632062993740575,0.11942506313574097,8.216666666666667,14,11
2008,2008-02-26 23:00:00+01:00,2008-02-28 11:00:00+01:00,106.2715471194105,19.56785703778492,7.57937,22,11
2008,2008-03-01 01:00:00+01:00,2008-03-01 15:00:00+01:00,114.60930735740192,0.13023141592226745,8.16473,9,11
2008,2008-04-12 08:00:00+02:00,2008-04-16 03:00:00+02:00,87.782010537112,23.57362100298783,7.35,40,11
2008,2008-04-18 01:00:00+02:00,2008-04-20 18:00:00+02:00,67.00485682399878,24.12148710934573,5.6,10,11
2008,2008-05-09 00:00:00+02:00,2008-05-09 10:00:00+02:00,68.68905301627575,25.49337001181521,4.89554,11,11
2008,2008-06-02 07:00:00+02:00,2008-06-04 08:00:00+02:00,68.75889164237108,26.918265151520142,4.90042,32,11
2008,2008-06-19 01:00:00+02:00,2008-06-25 02:00:00+02:00,76.34625542845538,27.5377154830652,6.01544,22,11
2008,2008-06-26 02:00:00+02:00,2008-06-27 10:00:00+02:00,76.26927521910956,20.18621835522723,5.7,18,11
2008,2008-06-28 20:00:00+02:00,2008-06-29 21:00:00+02:00,56.81298708040062,20.6848972745613,4.75,12,11
2008,2008-07-20 22:00:00+02:00,2008-07-21 20:00:00+02:00,88.52588867313618,0.12215129209270628,8.533333333333333,8,11
2008,2008-08-22 01:00:00+02:00,2008-08-24 18:00:00+02:00,79.80658322422003,19.121922077450343,5.6944,22,11
2008,2008-09-29 16:00:00+02:00,2008-10-01 23:00:00+02:00,67.88902826155177,0.11835450250967994,6.566666666666666,12,11
2008,2008-11-21 02:00:00+01:00,2008-11-22 06:00:00+01:00,0.18697199214452404,0.11800447781470998,10.1,11,11
2008,2008-11-27 09:00:00+01:00,2008-11-28 11:00:00+01:00,90.35573702088334,26.950056424629548,6.43539,13,11
2008,2008-12-12 05:00:00+01:00,2008-12-16 08:00:00+01:00,82.28289461476643,43.15099412060563,5.87016,100,11
2009,2009-03-20 06:00:00+01:00,2009-03-20 14:00:00+01:00,90.81109162606482,49.78872623743689,6.47355,9,12
2009,2009-10-03 21:00:00+02:00,2009-10-04 11:00:00+02:00,0.19428040669316804,0.12354030443586188,8.5,8,12
2009,2009-11-22 22:00:00+01:00,2009-11-24 02:00:00+01:00,0.15081224324614095,0.121053022657768,6.866666666666667,9,12
2009,2009-12-25 13:00:00+01:00,2009-12-28 03:00:00+01:00,100.38858642855686,36.13311485263498,7.15887,39,12
2009,2009-12-29 03:00:00+01:00,2010-01-02 21:00:00+01:00,104.8205892283681,25.686077393393173,7.48089,65,12
2010,2010-01-04 05:00:00+01:00,2010-01-13 15:00:00+01:00,115.0984125017869,33.58065245983541,8.21072,179,13
2010,2010-04-01 05:00:00+02:00,2010-04-01 12:00:00+02:00,85.73159963132571,27.4062598643202,6.11247,8,13
2010,2010-04-30 09:00:00+02:00,2010-05-03 22:00:00+02:00,101.75895873286504,24.331041439786524,7.25808,80,13
2010,2010-08-30 01:00:00+02:00,2010-08-30 08:00:00+02:00,122.18047835666077,49.30392731691944,8.71316,8,13
2010,2010-09-15 02:00:00+02:00,2010-09-16 03:00:00+02:00,98.84726285168742,36.91791764388763,7.04005,9,13
2010,2010-10-24 07:00:00+02:00,2010-10-26 18:00:00+02:00,64.3785578545137,0.1229114722788669,7.625,8,13
2010,2010-11-02 16:00:00+01:00,2010-11-05 06:00:00+01:00,97.84413817832727,0.1183410089904684,6.9753,14,13
2010,2010-11-10 22:00:00+01:00,2010-11-13 01:00:00+01:00,128.4404347428047,0.12062835298345394,9.14704,22,13
2010,2010-12-08 23:00:00+01:00,2010-12-12 12:00:00+01:00,109.35476609245298,0.1261891600468339,7.79289,47,13
2011,2011-01-07 14:00:00+01:00,2011-01-09 21:00:00+01:00,66.8190250162868,25.32306775289072,5.26356,14,14
2011,2011-02-03 21:00:00+01:00,2011-02-09 00:00:00+01:00,102.86437514664208,0.12761488155731784,7.3328,47,14
2011,2011-02-26 23:00:00+01:00,2011-02-27 15:00:00+01:00,95.2443995253261,36.23499958765596,6.79444,11,14
2011,2011-03-04 00:00:00+01:00,2011-03-04 07:00:00+01:00,76.60435624351193,43.03349885559482,5.46256,8,14
2011,2011-06-10 13:00:00+02:00,2011-06-11 10:00:00+02:00,71.57693183326563,27.987741752401035,5.10082,22,14
2011,2011-09-12 09:00:00+02:00,2011-09-14 14:00:00+02:00,108.7911677006804,53.1779571553379,7.74639,54,14
2011,2011-12-03 23:00:00+01:00,2011-12-05 09:00:00+01:00,122.94416665776096,0.12029254270915266,8.7543,14,14
2011,2011-12-09 05:00:00+01:00,2011-12-10 08:00:00+01:00,0.2033402561758534,0.1250700689379456,8.983333333333333,14,14
2011,2011-12-13 05:00:00+01:00,2011-12-15 04:00:00+01:00,58.487744698287614,0.12154776198455867,6.925,9,14
2011,2011-12-28 23:00:00+01:00,2011-12-30 03:00:00+01:00,56.46023911861134,0.13160993873096521,9.440000000000001,13,14
2012,2012-01-02 18:00:00+01:00,2012-01-06 07:00:00+01:00,93.59428002072002,0.11995105735365152,7.816667499999999,35,15
2012,2012-01-21 17:00:00+01:00,2012-01-22 08:00:00+01:00,0.16254897192161993,0.11968274877445766,8.731944166666667,8,15
2012,2012-08-20 23:00:00+02:00,2012-08-28 14:00:00+02:00,99.65277079801771,36.18566188530484,7.10421,184,15
2012,2012-11-07 22:00:00+01:00,2012-11-15 19:00:00+01:00,75.55347814956001,20.267634087383218,8.925,44,15
2012,2012-11-28 11:00:00+01:00,2012-12-01 04:00:00+01:00,54.949692402654875,26.006583330471493,6.5,15,15
2012,2012-12-27 10:00:00+01:00,2013-01-11 13:00:00+01:00,98.79237238502171,19.080644474467725,7.03874,91,15
2013,2013-02-10 08:00:00+01:00,2013-02-12 03:00:00+01:00,67.36368219074794,21.212704815347575,6.5,8,16
2013,2013-02-13 06:00:00+01:00,2013-02-19 12:00:00+01:00,61.85302297530677,22.468351643036776,8.440000000000001,26,16
2013,2013-03-10 18:00:00+01:00,2013-03-12 22:00:00+01:00,90.9500783713407,25.04124799589531,6.8,13,16
2013,2013-03-23 09:00:00+01:00,2013-03-26 09:00:00+01:00,90.41715052039686,33.084711234194586,6.45102,23,16
2013,2013-06-29 00:00:00+02:00,2013-06-29 07:00:00+02:00,80.06858594970392,55.891975298968326,5.70448,8,16
2013,2013-11-03 07:00:00+01:00,2013-11-04 21:00:00+01:00,0.15689620025354167,0.12101102628891676,8.15,9,16
2013,2013-11-27 11:00:00+01:00,2013-11-27 20:00:00+01:00,78.47283626540857,33.41685393226961,5.5992,10,16
2013,2013-12-05 09:00:00+01:00,2013-12-07 00:00:00+01:00,144.90990779197494,0.13557886331680344,10.3141,40,16
2014,2014-02-11 09:00:00+01:00,2014-02-12 14:00:00+01:00,89.35480927393294,25.9463970775593,6.37494,11,17
2014,2014-02-15 20:00:00+01:00,2014-02-16 14:00:00+01:00,108.47031508069831,72.10009791667086,8.1,9,17
2014,2014-12-10 20:00:00+01:00,2014-12-12 13:00:00+01:00,98.82346794279039,0.11916440516481992,8.25,12,17
2014,2014-12-24 20:00:00+01:00,2014-12-25 08:00:00+01:00,77.07605762651842,42.663633932633175,7.433333333333334,8,17
2015,2015-01-28 13:00:00+01:00,2015-01-29 20:00:00+01:00,107.08518179675366,44.536804155910175,8.0,9,18
2015,2015-11-17 18:00:00+01:00,2015-11-21 21:00:00+01:00,107.72634548641695,40.36206963349245,9.0,16,18
2015,2015-11-28 08:00:00+01:00,2015-11-30 11:00:00+01:00,0.19892559522871722,0.12206689340277084,8.266666666666667,15,18
2016,2016-01-29 23:00:00+01:00,2016-01-31 14:00:00+01:00,60.74171057149467,0.12051393031913618,7.175,9,19
2016,2016-02-02 02:00:00+01:00,2016-02-03 03:00:00+01:00,0.15987544839749082,0.11895471260688609,8.566666666666666,10,19
2016,2016-02-07 22:00:00+01:00,2016-02-09 09:00:00+01:00,45.09484978464528,0.11893359500656056,7.540000000000001,11,19
2016,2016-12-26 15:00:00+01:00,2016-12-27 08:00:00+01:00,0.202326240804538,0.12126294103986748,9.666666666666666,12,19
2017,2017-01-03 22:00:00+01:00,2017-01-05 00:00:00+01:00,0.20177851741549085,0.12134667678687498,10.6,12,20
2017,2017-01-11 05:00:00+01:00,2017-01-14 22:00:00+01:00,58.64739631692386,0.12312047239955888,4.9,27,20
2017,2017-11-18 08:00:00+01:00,2017-11-19 10:00:00+01:00,0.16679302714998873,0.12081673980704948,8.700000000000001,10,20
2017,2017-12-07 02:00:00+01:00,2017-12-09 13:00:00+01:00,83.44116269105359,0.12106423929363949,9.85,18,20
2018,2018-01-03 09:00:00+01:00,2018-01-04 23:00:00+01:00,0.1897988337354835,0.12781868870141183,7.55,12,21
2018,2018-01-16 07:00:00+01:00,2018-01-17 21:00:00+01:00,0.14565329513169584,0.11992123917634534,7.3500000000000005,12,21
2018,2018-12-08 07:00:00+01:00,2018-12-10 09:00:00+01:00,71.20773191357236,0.11863786281907433,8.425,18,21
2019,2019-01-08 06:00:00+01:00,2019-01-08 23:00:00+01:00,0.2723610485407585,0.14468687843253486,11.216666666666667,13,22
2020,2020-01-14 11:00:00+01:00,2020-01-15 01:00:00+01:00,52.259001827594055,0.13871897305702113,6.175,9,23
2020,2020-02-09 20:00:00+01:00,2020-02-12 23:00:00+01:00,0.22803560203957135,0.11907774357947853,8.816666666666668,37,23
2021,2021-01-04 03:00:00+01:00,2021-01-06 16:00:00+01:00,88.30781082155218,36.53036334986044,6.6,12,24
2021,2021-01-09 12:00:00+01:00,2021-01-15 04:00:00+01:00,90.9560774975896,34.820783155418574,6.8,15,24
2021,2021-01-16 05:00:00+01:00,2021-03-25 11:00:00+01:00,83.02077664980035,27.244997615354748,6.2,24,24
2021,2021-04-05 12:00:00+02:00,2021-04-07 18:00:00+02:00,62.06289342008265,0.1195081245365194,10.38,17,24
2021,2021-10-21 08:00:00+02:00,2021-10-22 11:00:00+02:00,0.17195003871883024,0.1253168885579806,8.549999999999999,13,24
2021,2021-11-07 08:00:00+01:00,2021-11-07 23:00:00+01:00,0.1824830996080682,0.12739870661780728,7.916666666666667,9,24
2021,2021-12-01 15:00:00+01:00,2021-12-02 16:00:00+01:00,47.984193225916,0.11927698573633135,8.02,9,24
2022,2022-01-04 20:00:00+01:00,2022-01-05 23:00:00+01:00,0.17981965438400344,0.12233530913910813,9.200000000000001,12,25
